1,bluedogggo@gmail.com,bark,woof,2022-06-15 10:45:01-07
2,ryanlevee@gmail.com,test,test,2022-06-10 10:45:01-07
3,bluedogggo@gmail.com,woof,bark woof woof bark woof woof bark woof woof bark woof woof bark woof woof bark woof woof bark woof woof bark woof woof bark woof woof bark woof woof bark woof woof bark woof woof bark woof woof bark woof woof bark woof woof bark woof woof bark woof woof bark woof woof bark woof woof bark woof woof bark woof woof bark woof woof bark woof woof bark woof woof,2022-06-05 10:45:01-07
4,bluedogggo@gmail.com,test,test,2022-06-26 21:38:53.543246-07
5,ryanlevee@gmail.com,test,test,2022-06-27 01:46:15.839333-07
6,ryanlevee@gmail.com,test,test,2022-06-27 02:00:47.024953-07
7,ryanlevee@gmail.com,test,test,2022-06-27 02:01:42.84483-07
8,bluedogggo@gmail.com,test,testtest,2022-10-17 10:37:21.226294-07
9,bluedogggo@gmail.com,test,testsetsetset,2022-10-17 10:39:27.202599-07
10,ryanlevee@gmail.com,test,tsetsetafasdf asf as,2022-10-17 10:50:12.449437-07
11,ryanlevee@gmail.com,test,testsetsetaestasesdf asdf asdf,2022-10-17 10:50:51.756324-07
12,bluedogggo@gmail.com,test,asdf asdfasdfasdf,2022-10-17 10:52:11.845662-07
13,bluedogggo@gmail.com,test,test,2022-10-20 16:28:54.063332-07
14,bluedogggo@gmail.com,test,test,2022-10-22 13:18:11.87223-07
15,test@test.test,test,test,2022-10-22 18:31:06.312934-07
16,test@test.test,test,test,2022-10-22 19:14:17.709573-07
17,test@test.test,test,test,2022-10-22 19:15:04.03363-07
18,test@test.test,test,test,2022-10-22 19:15:13.752339-07
19,test@test.test,test,test,2022-10-22 19:17:48.782513-07
20,test@test.test,test,test,2022-10-22 19:22:18.596406-07
21,test@test.test,test,test,2022-10-22 19:22:24.877902-07
